/*
Navicat MySQL Data Transfer

Source Server         : localhost_3306
Source Server Version : 50536
Source Host           : localhost:3306
Source Database       : test

Target Server Type    : MYSQL
Target Server Version : 50536
File Encoding         : 65001

Date: 2018-03-23 08:31:28
*/

SET FOREIGN_KEY_CHECKS=0;

-- ----------------------------
-- Table structure for consult
-- ----------------------------
DROP TABLE IF EXISTS `consult`;
CREATE TABLE `consult` (
  `id` int(11) NOT NULL AUTO_INCREMENT,
  `intro_name` varchar(10) DEFAULT NULL,
  `intro_dig` varchar(1000) DEFAULT NULL,
  `intro` varchar(10000) DEFAULT NULL,
  `pgroup` varchar(1000) DEFAULT NULL,
  `infect` varchar(1000) DEFAULT NULL,
  `symptom` varchar(1000) DEFAULT NULL,
  `treat` varchar(1000) DEFAULT NULL,
  PRIMARY KEY (`id`)
) ENGINE=InnoDB AUTO_INCREMENT=8 DEFAULT CHARSET=utf8;

-- ----------------------------
-- Records of consult
-- ----------------------------
INSERT INTO `consult` VALUES ('1', '感冒', '感冒又称上呼吸道感染简称上感，又称普通感冒。是包括鼻腔、咽或喉部急性炎症的总称。广义的上感不是一个疾病诊断，而是一组疾病，包括普通感冒、病毒性咽炎、喉炎、疱疹性咽峡炎、咽结膜热、细菌性咽-扁桃体炎。狭义的上感又称普通感冒，是最常见的急性呼吸道感染性疾病，多呈自限性，但发生率较', '高。成人每年发生2~4次，儿童发生率更高，每年6~8次。全年皆可发病，冬春季较多。\r\n感冒，是一种自愈性疾病，总体上分为普通感冒和流行感冒。普通感冒，中医称伤风,是由多种病毒引起的一种呼吸道常见病，其中30%-50%是由某种血清型的鼻病毒引起。普通感冒虽多发于初冬，但任何季节，如春天、夏天也可发生，不同季节的感冒的致病病毒并非完全一样。流行性感冒，是由流感病毒引起的急性呼吸道传染病。病毒存在于病人的呼吸道中，在病人咳嗽、打喷嚏时经飞沫传染给别人。如果有感冒症状，应及时与健管家取得联系，以采取正确的方法防止传染和康复治疗。\r\n感冒”一词，最早见于中国北宋的<仁斋直指方。诸风>,其伤风方论中记载了参苏饮治：“感冒风邪，发热头痛，咳嗽声重，涕唾稠粘”.本证与伤寒不同，<景岳全书。伤风>篇说：“伤风之病，本由外感，但邪甚而深者，遍传经络即为伤寒，邪浅而轻者，止犯皮毛，即为伤风。”本病发病机理是外邪侵犯肺卫所致，故一般都有肺卫表证，因而初起治法，以解表散邪为主。如虚人感冒，屡感屡发，正气愈虚，邪气留恋，又当扶正与祛邪兼顾。\r\n现在网上有“对xx不感冒”等话， 这里的“感冒”就不是病之的类了，而是指感兴趣、喜欢。病情重者，且在一个时期内引起广泛流行的，称为“时行感冒”.“感冒”是常见的流行病的词语。然而，鲜为人知的是，“感冒”这个常用语还是一个官场专用语。宋代有专门的机构分掌图书经籍和编修国史等事务，这些机构是昭文馆、史馆、集贤院三馆和秘阁、龙图阁等阁，通称“馆阁”.按照规定，馆阁中每天晚上要留一位官员值夜班，以防图书被盗，如果因故不能值夜班，就要在请假簿上写上这么一句：“腹肚不安，免宿。” 当然不一定是真的“腹肚不安”,而是一种相沿成习的借口。请假不能连续超过四天。因此馆阁的官员们俗称这本请假簿为“害肚历”.这一笔记载出自北宋著名科学家沈括所著的<梦溪笔谈>一书，原文是：“馆阁每夜轮校官一人直宿，如有故不宿，则虚其夜，谓之‘豁宿’.故事，豁宿不得过四，至第五日即须入宿。故馆阁宿历，相传谓之‘害肚历’.”\r\n南宋时期，时为太学生的陈鹄也在馆阁中供职，陈鹄喜欢别出心裁，他在<耆旧续闻>一书中记载了自己的发明创造：“余为太学诸生，请假出宿，前廊置一簿，书云‘感风’,则‘害肚历’可对‘感风簿’.”陈鹄偏偏不愿意写“腹肚不安，免宿”,而是写上“感风”,还沾沾自喜地声称“感风簿”跟“害肚历”可谓一联绝对。\r\n陈鹄创造的“感风”一词也是有来历的，与他同时期有个中医学派，史称“永嘉医派”,创始人叫陈无择，他写了一部医书<三因方>,将复杂的疾病按照病源分为内因、外因和不内外因三种，外因称“六淫”,即风、寒、暑、湿、燥、火，内因称“七情”,即喜、怒、忧、思、悲、恐、惊，不内外因指虎狼毒虫等意外疾病。陈鹄于是创造性地把外因之首的“风”信手拈来，前面冠上一个“感”字，“感”者，受也，故称“感风”.“感风簿”一词从此开始风靡官场。\r\n到了清代，“感风簿”演变成了“感冒假”,成为官员请假休息的托辞。清代学者俞樾在<茶香室丛钞>一书中说：“按今制官员请假，辄以感冒为辞，当即宋时 ‘感风簿’之遗意。”清代官员的创造性在于将“感风”变成了“感冒”,“冒”是透出的意思，“感冒”即是感风之后仍然带病坚持工作，今天终于全面爆发了！\r\n从官场发源，“感冒”一词开始进入人们的日常口语。人人都会感冒，人人都会说“感冒”这个俗语，可是它有趣的来历却被遗忘了。\r\n\r\n', '无特定人群', '有传染性\r\n\r\n飞沫传播，空气传播，呼吸道传播', '根据病因和病变范围的不同，临床表现可有不同的类型：\r\n1、普通感冒\r\n俗称“伤风”,又称急性鼻炎或上呼吸道卡他，多由鼻病毒引起，其次为冠状病毒、副流感病毒、呼吸道合胞病毒、埃可病毒、柯萨奇病毒等引起。\r\n起病较急，潜伏期1~3天不等，随病毒而异，肠病毒较短，腺病毒、呼吸道合胞病毒等较长。主要表现为鼻部症状，如喷嚏、鼻塞、流清水样鼻涕，也可表现为咳嗽、咽干、咽痒或灼热感，甚至鼻后滴漏感。发病同时或数小时后可有喷嚏、鼻塞、流清水样鼻涕等症状。2~3天后鼻涕变稠，常伴咽痛、流泪、味觉减退、呼吸不畅、声嘶等。一般无发热及全身症状，或仅有低热、不适、轻度畏寒、头痛。体检可见鼻腔黏膜充血、水肿、有分泌物，咽部轻度充血。\r\n并发咽鼓管炎时可有听力减退等症状。脓性痰或严重的下呼吸道症状提示合并鼻病毒以外的病毒感染或继发细菌性感染。如无并发症，5~7天可痊愈。\r\n2、急性病毒性咽炎或喉炎\r\n(1)急性病毒性咽炎\r\n多由鼻病毒、腺病毒、流感病毒、副流感病毒以及肠道病毒、呼吸道合胞病毒等引起。临床特征为咽部发痒或灼热感，咳嗽少见，咽痛不明显。当吞咽疼痛时，常提示有链球菌感染。流感病毒和腺病毒感染时可有发热和乏力。腺病毒咽炎可伴有眼结合膜炎。体检咽部明显充血水肿，颌下淋巴结肿大且触痛。\r\n(2)急性病毒性喉炎\r\n多由鼻病毒、甲型流感病毒、副流感病毒及腺病毒等引起。临床特征为声嘶、讲话困难、咳嗽时疼痛，常有发热、咽痛或咳嗽。体检可见喉部水肿、充血，局部淋巴结轻度肿大和触痛，可闻及喉部的喘鸣音。\r\n3、急性疱疹性咽峡炎\r\n常由柯萨奇病毒a引起，表现为明显咽痛、发热，病程约1周，多于夏季发作，儿童多见，偶见于成年人。体检可见咽充血，软腭、悬雍垂、咽及扁桃体表面有灰白色疱疹及浅表溃疡，周围有红晕，以后形成疱疹。\r\n4、咽结膜热\r\n主要由腺病毒、柯萨奇病毒等引起。临床表现有发热、咽痛、畏光、流泪，体检可见咽及结合膜明显充血。病程4~6天，常发生于夏季，儿童多见，游泳者易于传播。\r\n5、细菌性咽-扁桃体炎\r\n多由溶血性链球菌，其次为流感嗜血杆菌、肺炎球菌、葡萄球菌等引起。起病急、明显咽痛、畏寒、发热(体温可达39℃以上).体检可见咽部明显充血，扁桃体肿大、充血，表面有黄色脓性分泌物，颌下淋巴结肿大、压痛，肺部无异常体征。', '呼吸道病毒目前尚无特效抗病毒药物，以对症或中医治疗为常用措施。\r\n\r\n一、对症治疗\r\n病情较重或发热者或年老体弱者应卧床休息，忌烟，多饮水，室内保持空气流通。如有发热、头痛，可选用解热止痛片如复方阿司匹林、去痛片等口服。咽痛可用消炎喉片含服，局部雾化治疗。鼻塞、流鼻涕可用1%麻黄素滴鼻。\r\n\r\n二、抗菌药物治疗\r\n如有细菌感染，可选用适合的抗生素，如青霉素、红霉素、螺旋霉素、氧氟沙星。单纯的病毒感染一般可不用抗生素。\r\n化学药物治疗病毒感染，尚不成熟。吗啉胍(abob)对流感病毒和呼吸道病毒有一定疗效。阿糖腺苷对腺病毒感染有一定效果。利福平能选择性抑制病毒 rna聚合酶，对流感病毒和腺病毒有一定的疗效。近年发现一种人工合成的、强有力的干扰素诱导剂-聚肌胞(简称poly l:\r\nc)可使人体产生干扰素，能抑制病毒的繁殖。\r\n\r\n\r\n');
INSERT INTO `consult` VALUES ('2', '过敏', '过敏是属于炎症反应，是指当一些外来物侵入人体时，人体的免疫系统产生的过度反应。', null, '过敏体制性人群', '无传染性', '常见症状：咳嗽、鼻涕、喷嚏、风团样皮疹       皮肤过敏症状是发痒，同时也可能会伴有红肿干屑，水泡，或病灶结痂及渗出液化等症状；这些病灶的形状与大小各有不同，偶尔可能会发生胸部紧绷，麻木，肿胀等症状；当出现这些症状时，就是皮肤过敏了，其他皮肤过敏症状还包括包括发痒，打喷嚏，流鼻水，泪眼，皮疹，气道阻塞，或如荨麻疹等皮肤症状，在极罕见的情况下，过敏反应甚至可能会危及生命，例如一种称作过敏性休克症状。', '治疗顽固性过敏最有效的措施是寻找出过敏诱发因子(过敏原),但要在2万种不同的诱发因子中准确地找到致病因子犹如大海里捞针。最新权威实验证实：过敏人群体内自由基数量比非过敏\r\n人群高许多！自由基对人体免疫系统侵害是过敏体质形成的基础，还会直接氧化人体的肥大细胞和嗜碱细胞，导致细胞膜破裂释放出组织胺，产生过敏反应。因此，改善过敏体质就要清除自由基。\r\n世界卫生组织who在其关于免疫脱敏治疗的指导性文件中明确指出，“免疫脱敏治疗是唯一可以彻底治疗过敏性疾病的根本性治疗方法”.\r\n舌下含服脱敏治疗的突出优点是使用方便，病人可以在家中自己服用，免去注射带来的痛苦和恐惧感，并且更为安全。我国也已采用了这种疗法，国内已有标准化的舌下脱敏药物粉尘螨滴剂，效果良好，极大改善了过敏患者的生活质量。\r\n脱敏治疗一般需要3~6 个月起效，要维持长期疗效，应该在症状消失后继续用药一段时间，一般建议2 年，疗效可持续多年，甚至终身。对尘螨引起的过敏的鼻炎，过敏的哮喘，过敏的结膜炎，过敏的皮疹。患者经过舌下尘螨免疫治疗前后体内免疫学指标也有改变，由于舌下粘膜组织较薄，这些位于粘膜表面的朗格罕细胞会在接触抗原的时候，捕足到变应原存在的信号，变应原疫苗能迅速吸收，从而启动脱敏反应。包括血清igg4水平上升，th2/th1细胞比值改善等。\r\n由于是通过舌下给药，通常不会产生过敏性休克等严重不良反应，极少数患者偶有轻度皮疹或轻度腹泻，停止治疗或减量即可恢复。舌下脱敏治疗的机制是因为舌下粘膜有极多的朗格罕细胞，通过吸收微量尘螨变应原后将其加工转变成螨多肽信息，通过提呈给 th0细胞，使th0细胞向th1细胞转化，阻止变态反应的发生。\r\n舌下脱敏， 舌下脱敏治疗是利用过敏原的提取物滴入舌下，使呼吸道粘膜产生耐受性，从而减轻或控制过敏症状，到达脱敏治疗的目的。其临床特点在于：\r\n全球发展最快的脱敏治疗(即特异性免疫治疗或免疫治疗)方法，符合世界卫生组织推荐的对症 +对因的理性化治疗方案。\r\n标本兼治：根本性治疗过敏性疾病，起效显著，脱敏彻底；克服传统的激素类化学药物只在疾病发作时对症治疗，治标不治本的局限性，且随着服用时间的延长，具有不同程度的不良反应可能产生一定的耐药。\r\n\r\n');
INSERT INTO `consult` VALUES ('3', '湿疹', '湿疹，属于比较常见的由多种内外因素引起的，瘙痒剧烈的，表皮及真皮浅层的皮肤病炎症性反应。分急性、亚急性、慢性三期。急性期具有渗出倾向。慢性期则浸润、肥厚。特点为自觉、剧烈瘙痒，皮损多形性，对称分布，有渗出倾向，慢性病程，易反复发作。有些病人直接表现为慢性湿疹。皮损具有多形性、', '对称性、瘙痒和易反复发作等特点。针对发病状况我们应避免各种外界刺激，如热水烫洗，过度搔抓、清洗及接触可能敏感的物质如皮毛制剂等。少接触化学成分用品，如肥皂、洗衣粉、洗涤精等。避免可能致敏和刺激性食物，如辣椒、浓茶、咖啡、酒类。\r\n\r\n', '所有人群', '无传染性', '常见症状：皮肤瘙痒、干燥、脱屑、渗液、脓疱、鳞屑样痂皮、皮肤色素沉着\r\n1.按皮损表现分为急性、亚急性、慢性三期。\r\n\r\n(1)急性湿疹 皮损初为多数密集的粟粒大小的丘疹、丘疱疹或小水疱，基底潮红，逐渐融合成片，由于搔抓，丘疹、丘疱疹或水疱顶端抓破后呈明显的点状渗出及小糜烂面，边缘不清。如继发感染，炎症更明显，可形成脓疱、脓痂、毛囊炎、疖等。自觉剧烈瘙痒。好发于头面、耳后、四肢远端、阴囊、肛周等，多对称发布。\r\n\r\n(2)亚急性湿疹 急性湿疹炎症减轻后，皮损以小丘疹、结痂和鳞屑为主，仅见少量丘疱疹及糜烂。仍有剧烈瘙痒。\r\n\r\n(3)慢性湿疹 常因急性、亚急性湿疹反复发作不愈而转为慢性湿疹；也可开始即为慢性湿疹。表现为患处皮肤增厚、浸润，棕红色或色素沉着，表面粗糙，覆鳞屑，或因抓破而结痂。自觉瘙痒剧烈。常见于小腿、手、足、肘窝、腘窝、外阴、肛门等处。病程不定，易复发，经久不愈。\r\n\r\n2.根据皮损累及的范围，分为局限性湿疹和泛发性湿疹两大类。\r\n\r\n(1)局限性湿疹 仅发生在特定部位，即可以部位命名，如手部湿疹、女阴湿疹、阴囊湿疹、耳部湿疹、乳房湿疹、肛周湿疹、小腿湿疹等。\r\n\r\n(2)泛发性湿疹 皮损多，泛发或散发于全身多个部位。如钱币性湿疹、自身敏感性湿疹、乏脂性湿疹。', '根据急性期皮损原 发疹的多形性，易有渗出液，瘙痒剧烈，对称发作及慢性期的浸润，肥厚等特征诊断不难，急性湿疹需与接触性皮炎相鉴别，慢性湿疹需与神经性皮炎相鉴别，手足 湿疹，汗疱疹易与手足癣相混淆，后者常单侧起病，进展缓慢。可有小疱和干燥脱屑，当蔓延至手，足背出现边缘清楚的损害时有很大诊断价值，真菌检查阳性时可以确诊。\r\n\r\n鉴别诊断\r\n1.接触性皮炎 应与急性湿疹鉴别。\r\n\r\n2.神经性皮炎 应与慢性湿疹鉴别。\r\n\r\n3.脂溢性皮炎 经过中可有湿疹样改变，但本病主要发生于头部，胸前，背部中央，腋窝，阴部等皮脂分泌较多的部位，常先自头部开始发病，向下蔓延，损害主要表现为黄红色或鲜红色斑，上覆有油腻性鳞屑或痂皮。');
INSERT INTO `consult` VALUES ('4', '痤疮', '痤疮是毛囊皮脂腺单位的一种慢性炎症性皮肤病，有黑头、丘疹、脓疱、结节、脓肿、囊肿和疤痕等多种损害，好发于面部和胸背部，主要好发于青少年，对青少年的心理和社交影响很大，但青春期后往往能自然减轻或痊愈。临床表现以好发于面部的粉刺、丘疹、脓疱、结节等多形性皮损为特点，又名青年痤疮，', '中医：肺风粉刺，粉疵，面疱，酒刺，本病多见于15-30岁的青年男女。中医学有关痤疮的记载甚早，如<素问·生气通天论>中己有记载。<医宗金鉴·外科心法>称本病为肺风粉刺,此证由肺经血热而成，每发于面鼻，起碎疙瘩，形如黍屑，色赤肿痛，破出白粉汁.中医也有称本病为粉疵、面疱或酒刺.', '好发于青年人', '无传染性', '皮脂角化及角化不全的细胞所构成的黑头粉刺，挤塞在扩大的毛囊内，毛囊周围有炎性变化，在化脓的损害中，患部组织有脓肿，周围有很多的淋巴细胞及多核白细胞，有时可以发现葡萄球菌，如果损害已经日久，还可看到浆细胞，异物巨细胞及增殖的成纤维细胞，在较大的损害中皮脂腺部分地或完全地损毁，有时成为很大的囊肿。\r\n【临床表现】\r\n皮损主要发生于面部，也可发生在胸背上部及肩部，偶尔也发生于其他部位，眶周皮肤从不累及，开始时患者差不多都有黑头粉刺及油性皮脂溢出，还常有丘疹，结节，脓疱，脓肿，窦道或瘢痕，各种损害的大小深浅不等，往往以其中一二种损害为主，病程长，多无自觉症状，如炎症明显时，则可引起疼痛和触疼，症状时轻时重，青春期后大多数病人均能自然痊愈或症状减轻，临床上根据皮损的主要表现可分为以下几种类型：\r\n1.点状痤疮 黑头粉刺是痤疮的主要损害，是塞在毛囊皮脂腺口的乳酪状半固体，露在毛囊口的外端发黑，如加压挤之，可见头部呈黑色而体部呈黄白色半透明的脂栓排出。\r\n2.丘疹性痤疮 皮损以炎性的小丘疹为主，小米至豌豆大的坚硬的小丘疹，呈淡红色至深红色，丘疹中央可有一个黑头粉刺或顶端未变黑的皮脂栓。\r\n3.脓疱性痤疮 以脓疮表现为主，脓疱为谷粒至绿豆大小，为毛囊性脓疱和丘疹顶端形成脓疱，破后脓液较粘稠，愈后遗留浅的瘢痕。\r\n4.结节性痤疮 当发炎部位较深时，脓疱性痤疮可以发展成壁厚的结节，大小不等，呈淡红色或紫红色，有的位置较深，有显著隆起而在半球形或圆锥形，它们可以长期存在或渐渐吸收，有的化脓溃破形成显著的瘢痕。\r\n5.萎缩性痤疮 丘疹或脓疱性损害破坏腺体，引起凹坑状萎缩性瘢痕，溃破的脓疱或自然吸收的丘疹及脓疱都可引起纤维性变及萎缩。\r\n6.囊肿性痤疮 形成大小不等的皮脂腺囊肿，常继发化脓感染，破溃后常流出带血的胶冻状脓液，而炎症往往不重，以后形成窦道及瘢前。\r\n7.聚合性痤疮 是损害最严重的一种，皮损多形，有很多的粉刺，丘疹，脓疱，脓肿，囊肿及窦道，瘢痕，瘢痕疙瘩集簇发生。\r\n8.恶病性痤疮 损害为小米至蚕豆大小的青红色或紫红色丘疹，脓疱或结节，轻柔软，并且含有脓液及血液，它们长久不愈，以后痊愈遗留微小的瘢痕，也不感疼痛，浸润也很少，此型多见于身体虚弱的病人。', '根据患者多为青年，好发于面部及上胸背部，有黑头粉刺可以诊断，但要与下列疾病鉴别：\r\n1.溴，碘所引起的痤疮样药疹 有服药史，没有典型的黑头粉刺，皮疹为全身性，发病无年龄的限制。\r\n2.职业性痤疮 与焦馏油，机器油，石油，石蜡，氯萘等化合物接触的工作人员可引起痤疮样皮疹，通常与职业有关，同时工作的人员往往都发生相同的损害，损害往往很密，常发生在接触部位，如手背，前臂，肘部等处。\r\n3.酒渣鼻 多见于中年人，皮疹只发生在面部，以中央部多见，常伴有毛细胞血管扩张。\r\n4.颜面播散性粟粒狼疮 损害多为暗红色或带棕黄色的丘疹及小结节，在眼睑下缘皮损呈堤状排列，玻片压诊可见苹果酱色改变，损害与毛囊并不一致。');
INSERT INTO `consult` VALUES ('5', '肺炎', '肺炎是指终末气道、肺泡和肺间质的炎症。可由细菌、病毒、真菌、寄生虫等致病微生物，以及放射线、吸入性异物等理化因素引起。临床主要症状为发热、咳嗽、咳痰、痰中带血，可伴胸痛或呼吸困难等。幼儿性肺炎，症状常不明显，可有轻微咳嗽。细菌性肺炎采用抗生素治疗，7~10天多可治愈。病毒性肺炎', '的病情稍轻，抗生素治疗无效。', '无特发人群', '无传染性', '临床表现\r\n多数起病急骤，常有受凉淋雨、劳累、病毒感染等诱因，约1/3患病前有上呼吸道感染。病程7~10天。\r\n1、寒战与高热\r\n典型病例以突然寒战起病，继之高热，体温可高达39℃~40℃,呈稽留热型，常伴有头痛、全身肌肉酸痛，食量减少。抗生素使用后热型可不典型，年老体弱者可仅有低热或不发热。\r\n2、咳嗽与咳痰\r\n初期为刺激性干咳，继而咳出白色粘液痰或带血丝痰，经1~2天后，可咳出粘液血性痰或铁锈色痰，也可呈脓性痰，进入消散期痰量增多，痰黄而稀薄。\r\n3、胸痛\r\n多有剧烈侧胸痛，常呈针刺样，随咳嗽或深呼吸而加剧，可放射至肩或腹部。如为下叶肺炎可刺激隔胸膜引起剧烈腹痛，易被误诊为急腹症。\r\n4、呼吸困难\r\n由于肺实变通气不足、胸痛以及毒血症而引起呼吸困难、呼吸快而浅。病情严重时影响气体交换，使动脉血氧饱和度下降而出现紫绀。\r\n5、其他症状\r\n少数有恶心、呕吐、腹胀或腹泻等胃肠道症状。严重感染者可出现神志模糊、烦躁、嗜睡、昏迷等。\r\n体征\r\n肺炎球菌肺炎患者多呈急性面容，双颊绯红，皮肤干燥，口角和鼻周可出现单纯性疱疹。有败血症者，皮肤黏膜可有出血点，巩膜黄染，心率增快或心律不齐。革兰阴性杆菌肺炎病变范围大者，可有肺实变体征，双肺下野及背部可闻及湿性啰音。肺炎支原体肺炎患者体征多不明显，可有咽部中度充血，肺部干、湿啰音，耳镜可见鼓膜充血、甚至出血，呈炎症性改变。病毒性肺炎胸部体征亦不突出，有时偶尔可在下肺闻及湿啰音。', '诊断方法\r\n对于肺炎的诊断，胸腔x光照射肺部出现浸润现象是诊断肺炎的黄金标准，支持性的诊断方法则是由病患的痰液或血液进行微生物的培养。当怀疑有肺炎时，通常会进行血液检查：完全血球计数可以显示出嗜中性球的增生(除了某些免疫不全或嗜中性球减少症的病患之外).若病情发展为败血症，病患的肾功能可能有下降的情形。在离子的测定方面，通常由于肺炎的肺部组织释出抗尿激素而导致纳离子的降低。\r\n若为院内感染或是因免疫不全所造成的肺炎，其诊断会比较困难，甚至可能需要进行肺部的断层扫描以区分可能造成肺炎的原因(例如肺栓塞).若病患亦有其它的症状或不适(例如血管炎，肉状瘤病或是肺癌等)时，断层扫描亦具有其应用性。\r\n鉴别诊断\r\n肺炎需与以下疾病进行鉴别：肺结核、肺癌、急性肺脓肿、肺栓塞。\r\n还需排除非感染性肺部疾病，如肺间质纤维化、肺水肿、肺不张、肺嗜酸性粒细胞浸润症和肺血管炎等。\r\n伴剧烈的胸痛时，应与渗出性胸膜炎、肺梗死鉴别。相关的体征及X线影像有助鉴别。肺梗死常有静脉血栓形成的基础，咯血较多见，很少出现口角疱疹。下叶肺炎可能出现腹部症状，应通过X线、B超等与急性胆囊炎、膈下脓肿、阑尾炎等进行鉴别。\r\n1、肺结核\r\n多有全身中毒症状，午后低热、盗汗、疲乏、无力、体重减轻、失眠、心悸等症状。X线胸片可见病变多在肺尖或锁骨上下，密度不匀，消散缓慢，且可形成空洞或肺内播散。痰中可找到结核杆菌。常规抗菌药物治疗无效。\r\n2、肺癌\r\n常有吸烟史。有咳嗽、咳痰、痰中带血症状。血白细胞计数不高，痰中若发现癌细胞可以确诊。可伴发阻塞性肺炎，经抗生素治疗后炎症不易消散，或可见肺门淋巴结肿大，有时出现肺不张。必要时做ct、MRI、纤维支气管镜和痰脱落细胞等检查。\r\n3、急性肺脓肿\r\n早期临床表现相似。随着病程进展，咳出大量脓臭痰为肺脓肿的特佂。X线片显示脓腔及液平面。\r\n4、肺血栓栓塞\r\n肺血栓栓塞症多有静脉血栓的危险因素，可发生咯血、晕厥，呼吸困难较明显，颈静脉充盈。X线胸片示局部肺纹理减少，可见尖端指向肺门的楔形阴影，常见低氧血症及低碳酸血症。d-二聚体、ct肺动脉造影、放射性核素肺通气/灌注扫描和MRI等检查可帮助进行鉴别。\r\n5、非感染性肺部浸润\r\n需排除非感染性肺部疾病，如肺间质纤维化、肺水肿、肺不张、肺嗜酸性粒细胞浸润症和肺血管炎等。');
INSERT INTO `consult` VALUES ('6', '鼻炎', '鼻炎是指鼻腔粘膜和粘膜下层的炎症，一般分为急性鼻炎和慢性鼻炎两种。是鼻粘膜或粘膜下组织因为病毒感染、病菌感染、刺激物刺激等，导致鼻粘膜或粘膜下组织受损，所引起的急性或慢性炎症。鼻炎导致产生过多粘液，通常引起流涕、鼻塞等症状。', null, '无特殊人群', '无传染性', '1、鼻塞鼻塞特点为间歇性。在白天、天热、劳动或运动时鼻塞减轻；而夜间，静坐或寒冷时鼻塞加重。鼻塞的另一特点为交替性。如侧卧时，居下侧之鼻腔阻塞，上侧鼻腔通气良好。由于鼻塞，间或嗅觉减退，头痛、头昏，说话呈闭塞性鼻音等症状。\r\n2、多涕常为黏液性或粘脓性，偶成脓性。脓性多于季发性感染后出现。\r\n3、嗅觉下降多为两种原因所致：一为鼻黏膜肿胀、鼻塞，气流不能进入嗅觉区域；二为嗅区黏膜受慢性炎症长期刺激，嗅觉功能减退或消失。\r\n4、头痛、头昏慢性鼻窦炎多表现为头沉重感。\r\n5、全身表现多数人有头痛、食欲不振、易疲倦、记忆力减退及失眠等。', '根据鼻塞为交替性和间歇性的特点，结合临床检查，诊断不难。');
INSERT INTO `consult` VALUES ('7', '乙型', '乙型病毒性肝炎(viral hepatitis type b,简称乙肝)系由乙肝病毒(hbv)引起，以乏力、食欲减退、恶心、呕吐、厌油、肝大及肝功能异常为主要临床表现。部分病例有发热和黄疸；少数病例病程迁延转为慢性，或发展为肝硬化甚至肝癌；重者病情进展迅猛可发展为重型肝炎；另一些感染者则成为无症状的病毒携带', '者。乙肝通过血液与体液传播，具有慢性携带状态。因其可能通过性生活传播，国际上将其列入性传播疾病。乙型病毒性肝炎在中国流行广泛，人群感染率高，在某些地区感染率达35%以上。乙型肝炎与肺结核和艾滋病并列世界上最常见的传染病。乙型肝炎是导致全球死亡的第10位，全世界约有3.5~4亿人感染乙型肝炎病毒，人数高于艾滋病感染者的八倍以上。', '所有人群', '有传染性\r\n\r\n性传播，垂直传播，血液传播', '常见症状：转氨酶增高、消瘦乏力、恶心、食欲不振、肝肿大、抵抗力下降、发热、精神萎靡\r\n本病潜伏期为6周~6个月，一般为3个月。从肝炎病毒入侵到临床出现最初症状以前，这段时期称为潜伏期。潜伏期随病原体的种类、数量、毒力、人体免疫状态而长短不一。\r\n临床表现\r\n1.全身表现\r\n患者常感身体乏力，容易疲劳，可伴轻度发热等。失眠、多梦等可能与此有关。\r\n\r\n2.消化道表现\r\n肝炎时，肝功异常，胆汁分泌减少，常出现食欲不振、恶心、厌油、上腹部不适、腹胀等。\r\n\r\n3.黄疸\r\n病情较重时，肝功能受损，胆红素的摄取、结合、分泌、排泄等障碍，血液中胆红素浓度增高。胆红素从尿液排出，尿液颜色变黄，是黄疸最早的表现。血液中胆红素浓度继续增加，可引起眼睛、皮肤黄染。由于胆汁酸的排出障碍，血液中胆汁酸浓度增高，过多的胆汁酸沉积于皮肤，刺激末梢神经，可引起皮肤瘙痒。\r\n\r\n4.肝区疼痛\r\n慢性乙肝一般没有剧烈的疼痛。部分患者可有右上腹、右季肋部不适、隐痛、压痛或叩击痛。如果肝区疼痛剧烈，还要注意胆道疾病、肝癌、胃肠疾病的可能性，以免误诊。\r\n\r\n5.肝脾肿大\r\n由于炎症、充血、水肿、胆汁淤积，患者常有肝脏肿大。晚期大量肝细胞破坏，纤维组织收缩，肝脏可缩小。急性肝炎或慢性肝炎早期，脾脏无明显肿大，门静脉高压时，脾脏淤血，可引起脾脏肿大。\r\n\r\n6.肝外表现\r\n慢性乙肝，尤其是肝硬化患者面色黝黑晦暗，称肝病面容。手掌大、小鱼际显著充血称肝掌。皮肤上一簇呈放射状扩张的形如蜘蛛的毛细血管团称蜘蛛痣，其他部位也可出现。男性可出现勃起功能障碍，对称或不对称性的乳腺增生、肿痛和乳房发育，偶可误诊为乳腺癌；女性可出现月经失调、闭经、性欲减退等。这可能与肝功能减退，雌激素灭活减少，体内雌激素增多有关。\r\n\r\n7.肝纤维化\r\n慢性乙肝炎症长期不愈，反复发作，肝内纤维结缔组织增生，而其降解活性相对或绝对不足，大量细胞外基质沉积下来形成肝纤维化。如果肝纤维化同时伴肝小叶结构的破坏(肝再生结节),则称为肝硬化。临床上难以将两者截然分开，慢性肝病由肝纤维化到肝硬化是一个连续的发展过程。', '治疗的总体目标\r\n最大限度地长期抑制或消除hbv,减轻肝细胞炎症坏死和肝纤维化，延缓和阻止疾病进展，减少和防止肝失代偿、肝硬化、hcc及其并发症的发生，从而改善病人的生活质量和延长存活时间。\r\n治疗原则\r\n慢性乙肝的治疗：三分药治，七分调理；需有战胜病魔的信心及意志，精神愉快，生活规律，合理饮食，不宜过度营养引起肥胖；除黄疸或转氨酶显著升高需要卧床休息外，应适量活动，动静结合。\r\n用药原则\r\n(1)用药不宜过多过杂 很多药物经过肝脏解毒，用药过多过杂增加肝脏负担，对肝病不利。\r\n\r\n(2)根据慢性乙肝病人的具体情况，针对性用药 乙型肝炎病毒复制明显的病人用抗病毒药物；有免疫功能紊乱的用调整免疫功能的药物；有肝细胞损伤的用保护肝细胞的药物；有肝脏微循环障碍的用活跃微循环的药物。中医在我国历史悠久，其精髓在于辩证论治。通过辩证论治，可改善慢性乙肝病人的临床症状，提高他们的体质，增强抗病能力，促进免疫系统清除病毒，促进疾病恢复。\r\n\r\n(3)用药过程中注意休息、营养 休息和营养是肝病患者的主要治疗手段。在保证休息、营养的基础上才可能发挥药物作用。');

-- ----------------------------
-- Table structure for hostial
-- ----------------------------
DROP TABLE IF EXISTS `hostial`;
CREATE TABLE `hostial` (
  `hos_id` int(10) NOT NULL AUTO_INCREMENT,
  `hos_name` varchar(50) DEFAULT NULL COMMENT '医院名称',
  `hos_description` varchar(225) DEFAULT NULL COMMENT '医院描述',
  `hos_location` varchar(50) DEFAULT NULL COMMENT '医院地点',
  `hos_longitude` varchar(10) DEFAULT NULL COMMENT '医院经度',
  `hos_latitude` varchar(10) DEFAULT NULL COMMENT '医院纬度',
  `hos_img1` varchar(10) DEFAULT NULL COMMENT '医院图片1',
  `hos_img2` varchar(10) DEFAULT NULL COMMENT '医院图片2',
  `hos_img3` varchar(10) DEFAULT NULL,
  `hos_img4` varchar(10) DEFAULT NULL,
  `hos_brief` varchar(255) DEFAULT NULL,
  `hos_address` varchar(255) DEFAULT NULL,
  `hos_path` varchar(255) DEFAULT NULL,
  PRIMARY KEY (`hos_id`)
) ENGINE=InnoDB AUTO_INCREMENT=9 DEFAULT CHARSET=utf8;

-- ----------------------------
-- Records of hostial
-- ----------------------------
INSERT INTO `hostial` VALUES ('1', '天津工业大学-校医院', '医疗', '天津市西青区宾水西道399号', '117.12413', '39.070179', '1.jpg', '2.jpg', '3.jpg', '4.jpg', '天津工业大学校医院是经卫生主管部门批准建立的一级医院，医保定点医院', '天津工业大学', '行车路线(外地患者):火车站路线:从北京站出发,乘地铁2号线在积水潭下车,A口出向北500米即到;从北京西站出发,乘47路在北京师范大学下车,步行至医院;');
INSERT INTO `hostial` VALUES ('2', '精武镇潘楼社区卫生站', '诊所', '天津市西青区精武镇潘楼朝阳道潘馨园小区南门', '117.116545', '39.06343', '5.jpg', '6.jpg', '7.jpg', '8.jpg', '精武镇潘楼社区指定医疗站', null, '无');
INSERT INTO `hostial` VALUES ('3', '天津师范大学-校医院', '医疗', '天津市西青区天勤路天和道路口附近', '117.129028', '39.062089', '9.jpg', '10.jpg', '11.jpg', '12.jpg', '是天津师范大学唯一一所校医院', null, '无');
INSERT INTO `hostial` VALUES ('4', '致美牙科', '牙科诊所', '天津市西青区精武镇工一号路姚村公寓', '117.123306', '39.063663', '1.jpg', '2.jpg', '3.jpg', '4.jpg', '致美牙科是一家从事多年牙科的诊所', null, '无');
INSERT INTO `hostial` VALUES ('5', '精武镇姚村社区-卫生站', '诊所', '精武镇工一号路姚村公寓春风园九号楼旁', '117.122747', '39.064616', '5.jpg', '6.jpg', '7.jpg', '8.jpg', '精武镇姚村社区 指定唯一卫生所', null, '无');
INSERT INTO `hostial` VALUES ('6', '天津市西青区南河镇姚村卫生所', '诊所', '天津市西青区精武镇工一号路姚村公寓', '117.123261', '39.064018', '9.jpg', '10.jpg', '11.jpg', '12.jpg', '姚村指定卫生所', null, '无');
INSERT INTO `hostial` VALUES ('7', '西青区怡和新村卫生服务站', '服务站', '天津市西青区营洁路20号', '117.126255', '39.178309', '9.jpg', '6.jpg', '11.jpg', '3.jpg', '西青区怡和新村指定卫生服务站', null, '无');

-- ----------------------------
-- Table structure for hos_doctor
-- ----------------------------
DROP TABLE IF EXISTS `hos_doctor`;
CREATE TABLE `hos_doctor` (
  `doc_member_id` int(11) NOT NULL AUTO_INCREMENT,
  `hos_id` int(11) DEFAULT NULL,
  `doc_image` varchar(255) DEFAULT NULL COMMENT '医师介绍',
  `doc_depart` varchar(255) DEFAULT NULL,
  `doc_position` varchar(255) DEFAULT NULL,
  `doc_id` int(10) DEFAULT NULL,
  `doc_direction` varchar(255) DEFAULT NULL COMMENT '擅长疾病',
  `doc_background` varchar(255) DEFAULT NULL COMMENT '教育背景',
  `doc_evaluate1` int(11) DEFAULT NULL,
  `doc_evaluate2` int(11) DEFAULT NULL,
  `doc_evaluate3` int(11) DEFAULT NULL,
  `doc_evaluate4` int(11) DEFAULT NULL,
  `doc_hospital` varchar(255) DEFAULT NULL,
  `doc_adept` varchar(255) DEFAULT NULL,
  `doc_label1` varchar(255) DEFAULT NULL COMMENT '标签1',
  `doc_label2` varchar(255) DEFAULT NULL COMMENT '标签2',
  PRIMARY KEY (`doc_member_id`),
  KEY `hos_id` (`hos_id`),
  KEY `doc_id` (`doc_id`),
  CONSTRAINT `doc_id` FOREIGN KEY (`doc_id`) REFERENCES `user` (`user_id`),
  CONSTRAINT `hos_id` FOREIGN KEY (`hos_id`) REFERENCES `hostial` (`hos_id`)
) ENGINE=InnoDB AUTO_INCREMENT=5 DEFAULT CHARSET=utf8;

-- ----------------------------
-- Records of hos_doctor
-- ----------------------------
INSERT INTO `hos_doctor` VALUES ('1', '1', '梁主任.jpg', '皮肤科', '主治医师', '1', '擅长小二麻痹症，手足口病', '安阳医学院本科毕业', '1', '2', '4', '18', '天津中医院', '红斑狼疮', '从医七余载', '救病救人');
INSERT INTO `hos_doctor` VALUES ('2', '1', '李副主任.jpg', '儿科', '副主任', '4', '擅长感冒，发烧等一些小病', '天津医科大学本科毕业', '1', '4', '1', '1', '天津中医院', '感冒发烧', '不喊苦不喊累', '严格要求自我');
INSERT INTO `hos_doctor` VALUES ('3', '1', '张主任.jpg', '骨科', '主任', '2', '擅长男士一切问题', '中国医药大学硕博士毕业', '2', '4', '2', '1', '天津姚村附属医院', '跌打损伤', '累而不倦', '苦而不言');
INSERT INTO `hos_doctor` VALUES ('4', '1', '李主任.jpg', '神经内科', '主任', '7', '擅长神经一切疾病。', '清华协和医科大学本科毕业', '2', '3', '2', '3', '天津姚村辅助医院', '神经衰弱', '治愈患者达千人', '再世神医');

-- ----------------------------
-- Table structure for hos_evaluation
-- ----------------------------
DROP TABLE IF EXISTS `hos_evaluation`;
CREATE TABLE `hos_evaluation` (
  `eva_uid` int(11) NOT NULL AUTO_INCREMENT,
  `hos-id` int(11) DEFAULT NULL,
  `eva-good` varchar(255) DEFAULT NULL COMMENT '评价满意',
  `eva-ordinary` varchar(255) DEFAULT NULL COMMENT '评价一般',
  `eva-bad` varchar(255) DEFAULT NULL COMMENT '评价较差',
  PRIMARY KEY (`eva_uid`),
  KEY `hos-id` (`hos-id`),
  CONSTRAINT `hos-id` FOREIGN KEY (`hos-id`) REFERENCES `hostial` (`hos_id`)
) ENGINE=InnoDB AUTO_INCREMENT=9 DEFAULT CHARSET=utf8;

-- ----------------------------
-- Records of hos_evaluation
-- ----------------------------
INSERT INTO `hos_evaluation` VALUES ('1', '1', '1', '1', '1');
INSERT INTO `hos_evaluation` VALUES ('2', '2', '3', '2', '1');
INSERT INTO `hos_evaluation` VALUES ('3', '3', '2', '2', '2');
INSERT INTO `hos_evaluation` VALUES ('4', '4', '1', '2', '1');
INSERT INTO `hos_evaluation` VALUES ('5', '5', '2', '1', '2');
INSERT INTO `hos_evaluation` VALUES ('6', '6', '3', '1', '1');

-- ----------------------------
-- Table structure for que_answer
-- ----------------------------
DROP TABLE IF EXISTS `que_answer`;
CREATE TABLE `que_answer` (
  `ques_id` int(11) NOT NULL AUTO_INCREMENT,
  `ques_tittle_id` int(11) DEFAULT NULL,
  `ques_tittle` varchar(255) DEFAULT NULL,
  `ques_answer_id` int(10) DEFAULT NULL,
  `ques_answer` varchar(255) DEFAULT NULL,
  `ques_ans_pay` int(10) DEFAULT NULL,
  `ans_time` timestamp NULL DEFAULT NULL,
  `que_time` timestamp NULL DEFAULT NULL,
  `ques_depart` varchar(255) DEFAULT NULL,
  PRIMARY KEY (`ques_id`),
  KEY `ques_answer_id` (`ques_answer_id`)
) ENGINE=InnoDB AUTO_INCREMENT=32 DEFAULT CHARSET=utf8;

-- ----------------------------
-- Records of que_answer
-- ----------------------------
INSERT INTO `que_answer` VALUES ('1', '0', '小女现在四岁半了，上个月感冒了一次，现在又感冒了，她感冒的主要症状是发烧，怎么办？', '1', '注意小孩的冷热，不要穿得太热，要让他有适当的耐寒锻炼.不要只想着小孩冷，而更重要的是随时要注意不要让小孩热着了', '1', '2018-03-21 14:46:26', '2018-03-09 10:17:45', '儿科');
INSERT INTO `que_answer` VALUES ('4', '3', '脸上出现红色疙瘩是什么情况', '2', '别担心，是青春痘，每天按时休息，多锻炼身体，自己慢慢就好了。', '1', '2018-03-09 10:01:33', '2018-03-09 10:01:33', '妇科');
INSERT INTO `que_answer` VALUES ('5', '2', '手上经常蜕皮是什么情况呀？', '1', '这个你应该去问皮肤科医生，这里是妇科，谢谢。', '1', '2018-03-09 14:09:32', '2018-03-09 14:09:32', '妇科');
INSERT INTO `que_answer` VALUES ('6', '2', '每天早上洗头都会掉很多头发，怎么办？', '2', '这个没事，反正头发多，掉掉也没事。', '0', '2018-03-09 10:09:06', '2018-03-09 10:09:06', '妇科');
INSERT INTO `que_answer` VALUES ('7', '3', '每天早上睡不醒怎么办？', '1', '首先按时休息，不要熬夜，保证晚上充足的睡眠时间。', '1', '2018-03-19 09:18:04', '2018-03-09 10:12:19', '妇科');
INSERT INTO `que_answer` VALUES ('8', '1', '八个月宝宝便秘拉不出怎么办', '3', '如果宝宝超过24小时没有排便的话，可以使用一次开塞露。平时建议吃点益生菌给孩子调理一下。', '1', '2018-03-09 15:49:23', '2018-03-09 14:37:14', '儿科');
INSERT INTO `que_answer` VALUES ('10', '2', '宝宝吃手要阻止吗,吃手指很严重', '2', '掉头发的原因与营养有关，与精神紧张或突然的精神刺激也有很大关系，可查血微量元素，平时不要经常处于精神紧张状态。可在掉头发的地方经常用生姜擦一擦，可促进头发生长，饮食营养要全面，适当多吃些硬壳类食物，适当吃些黑芝麻！', '1', '2018-03-22 11:09:49', '2018-03-09 14:40:28', '儿科');
INSERT INTO `que_answer` VALUES ('11', '1', '1岁半小孩 晚上有一点咳嗽，有时候睡觉的时候打呼噜，基本不会流鼻涕', '4', '可以吃一点氨嗅索口服液，帮助宝宝祛痰', '0', '2018-03-09 14:53:51', '2018-03-09 14:52:44', '儿科');
INSERT INTO `que_answer` VALUES ('24', '3', '7个月的宝宝舌苔颜色深很像陈皮一样，请问医生这是怎么了？', '4', '你先给宝宝吃上消化药。同时可以吃清热的药。', '0', null, '2018-03-12 10:38:15', '儿科');
INSERT INTO `que_answer` VALUES ('25', '2', '手臂上有很多小红点、开始是得了玫瑰糠疹', '3', '你的这个情况考虑是过敏性皮炎，建议你可以口服五维甘草那敏胶囊和外用丹皮酚软膏', '0', '2018-03-12 10:41:33', '2018-03-12 10:40:05', '皮肤科');
INSERT INTO `que_answer` VALUES ('26', '1', '身上总总起些个小疙瘩是怎么回事啊', '3', '可以服用氯雷他定，抗过敏！一日一次一次一片。服用两周。', '0', null, '2018-03-12 10:44:18', '皮肤科');
INSERT INTO `que_answer` VALUES ('27', '0', '最近脸上每天都起痘痘 一个一个起 很难看看着 然后还常挤', '3', '建议外用夫西地酸乳膏（整片涂），接着用阿达帕林凝胶只能有痘的地方点涂。', '0', null, '2018-03-15 10:38:50', '皮肤科');
INSERT INTO `que_answer` VALUES ('28', '3', '你好！请问我的头有点疼怎么办？', '1', '1.青年人，要考虑偏头痛，神经性痛疼等。2，要是老年人则要考虑高血压、脑血管供血不足等问题。年龄不一样是不同的。指导意见:止痛只是对症治疗，关键是病因找着。吃点去痛片、新康泰克等均可治头痛', '0', null, '2018-03-20 16:27:11', '羊癫疯');
INSERT INTO `que_answer` VALUES ('29', '3', '请问什么方法可以治疗头疼', '1', '头疼。这可能是有外感所引起感冒的症状，那么就会出现这样的情况。这样的情况，适当服用治疗就好了。指导意见:建议可以服用芬必得、颅痛定调理一下就好了', '0', null, '2018-03-20 16:39:41', '羊癫疯');
INSERT INTO `que_answer` VALUES ('30', '2', '请问起床困难症有解决办法吗？', '1', '你好、晚上的时候早点休息、早上定闹钟，以免未及时醒来；醒后开灯，以免又睡过去；出被窝动作要迅猛、彻底，以免又缩回去、希望上述的回答可以帮助你、最重要的是看自己有没有决心、这是锻炼自己的好机会。', '1', '2018-03-21 14:46:41', '2018-03-20 16:48:33', '羊癫疯');

-- ----------------------------
-- Table structure for sperson
-- ----------------------------
DROP TABLE IF EXISTS `sperson`;
CREATE TABLE `sperson` (
  `sp_id` int(11) NOT NULL AUTO_INCREMENT,
  `hsp_id` int(11) DEFAULT NULL,
  `sp_name` varchar(255) DEFAULT NULL,
  `sp_count` varchar(255) DEFAULT NULL,
  `sp_pass` varchar(255) DEFAULT NULL,
  PRIMARY KEY (`sp_id`),
  KEY `hsp_id` (`hsp_id`),
  CONSTRAINT `hsp_id` FOREIGN KEY (`hsp_id`) REFERENCES `hostial` (`hos_id`)
) ENGINE=InnoDB DEFAULT CHARSET=utf8;

-- ----------------------------
-- Records of sperson
-- ----------------------------

-- ----------------------------
-- Table structure for user
-- ----------------------------
DROP TABLE IF EXISTS `user`;
CREATE TABLE `user` (
  `user_id` int(10) NOT NULL AUTO_INCREMENT,
  `user_name` varchar(20) NOT NULL,
  `user_password` varchar(50) NOT NULL,
  `user_groupid` int(11) DEFAULT NULL COMMENT '1为管理员，2为患者，',
  `user_image` varchar(200) DEFAULT NULL COMMENT '默认头像',
  `user_nike` varchar(255) NOT NULL,
  PRIMARY KEY (`user_id`)
) ENGINE=InnoDB AUTO_INCREMENT=8 DEFAULT CHARSET=utf8;

-- ----------------------------
-- Records of user
-- ----------------------------
INSERT INTO `user` VALUES ('1', '医师1', '111', '1', '11', '梁医生');
INSERT INTO `user` VALUES ('2', '医师2', '111', '1', '11', '张主任');
INSERT INTO `user` VALUES ('3', '用户1', '1111', '0', null, '用户2');
INSERT INTO `user` VALUES ('4', '医师3', '111', '1', '3', '李副主任');
INSERT INTO `user` VALUES ('5', '111', '111', '0', null, '111');
INSERT INTO `user` VALUES ('6', '用户5', '111', '0', null, '振兴');
INSERT INTO `user` VALUES ('7', '医师4', '111', '1', null, '李主任');
